{"cameraMode":{"drawMode":0,"name":"Shaded","section":"Shading Mode"},"sceneLighting":false,"audioPlay":false,"sceneViewState":{"m_AlwaysRefresh":false,"showFog":true,"showSkybox":false,"showFlares":true,"showImageEffects":true,"showParticleSystems":true,"showVisualEffectGraphs":true,"m_FxEnabled":true},"in2DMode":false,"pivot":{"x":-1.77951979637146,"y":1.1417337656021119,"z":0.07353284955024719},"rotation":{"x":-0.24310174584388734,"y":-0.21608741581439973,"z":0.055500272661447528,"w":-0.9440621137619019},"size":0.5688726305961609,"orthographic":false}